ticker,rev_latest_bn,rev_base_bn,emp_latest,emp_base,fy_end_latest,fy_end_base
UNH,447.57,324.16,390000,400000,2025-12,2022-12
GOOGL,402.84,282.84,190820,190234,2025-12,2022-12
MSFT,331.84,198.27,223000,221000,2026-06,2022-06
CI,274.90,180.52,67700,71300,2025-12,2022-12
META,200.97,116.61,78865,86482,2025-12,2022-12
CNC,194.78,144.55,61100,74300,2025-12,2022-12
JPM,182.45,128.69,318512,293723,2025-12,2022-12
HUM,129.66,92.87,67060,67100,2025-12,2022-12
BAC,113.10,94.95,213000,217000,2025-12,2022-12
PGR,87.67,49.61,70000,55100,2025-12,2022-12
C,85.22,75.34,226000,240000,2025-12,2022-12
WFC,83.70,74.37,205000,238000,2025-12,2022-12
MET,77.08,68.77,46000,45000,2025-12,2022-12
AXP,72.23,52.86,76800,77300,2025-12,2022-12
MS,70.64,53.67,83000,82000,2025-12,2022-12
ALL,67.69,51.41,53000,54000,2025-12,2022-12
ORCL,67.36,49.95,141000,164000,2026-05,2023-05
CB,59.40,43.10,45000,34000,2025-12,2022-12
COF,53.43,34.25,76300,55943,2025-12,2022-12
TRV,48.83,36.88,34000,32500,2025-12,2022-12
MOH,45.43,31.97,19000,15000,2025-12,2022-12
CRM,41.52,31.35,83334,79390,2026-01,2023-01
USB,28.66,24.30,68520,78192,2025-12,2022-12
HIG,28.37,22.36,19200,18800,2025-12,2022-12
MRSH,26.98,20.72,95000,85000,2025-12,2022-12
AIG,26.77,30.00,22000,26000,2025-12,2022-12
XYZ,24.19,17.53,10205,12428,2025-12,2022-12
