company,accession_number,filing_date,quarter,category
Cloudflare,0001477333-26-000035,2026-05-07,2026-Q2,C1 operational in Item 2.05: AI changing how work is done
Manhattan Associates,0001193125-26-251382,2026-06-01,2026-Q2,B risk or forward-looking language only
Block,0001193125-26-076557,2026-02-26,2026-Q1,B risk or forward-looking language only
Cloudflare,0001477333-26-000033,2026-05-07,2026-Q2,C1 operational in Item 2.05: AI changing how work is done
Rapid7,0001560327-26-000043,2026-08-10,2026-Q3,B risk or forward-looking language only
Intuit,0000896878-26-000024,2026-05-20,2026-Q2,B risk or forward-looking language only
Cisco Systems,0000858877-26-000075,2026-05-13,2026-Q2,C2 operational in Item 2.05: cutting to reinvest in AI
IAC,0001104659-26-049837,2026-04-28,2026-Q2,B risk or forward-looking language only
Freshworks,0001544522-26-000135,2026-08-04,2026-Q3,C1 operational in Item 2.05: AI changing how work is done
Freshworks,0001544522-26-000088,2026-05-05,2026-Q2,C1 operational in Item 2.05: AI changing how work is done
Dow,0001751788-26-000009,2026-01-29,2026-Q1,C3 operational elsewhere in filing
Elastic,0001707753-26-000024,2026-06-24,2026-Q2,C1 operational in Item 2.05: AI changing how work is done
Simmons First National,0001193125-26-381967,2026-09-03,2026-Q3,C3 operational elsewhere in filing
Groupon,0001490281-26-000013,2026-05-26,2026-Q2,C1 operational in Item 2.05: AI changing how work is done
BioAtla,0001539497-26-000812,2026-03-02,2026-Q1,X false match (company name)
C3.ai,0001577526-26-000013,2026-02-25,2026-Q1,X false match (company name)
Pinterest,0001506293-26-000009,2026-01-27,2026-Q1,C2 operational in Item 2.05: cutting to reinvest in AI
Pegasystems,0001013857-26-000009,2026-01-12,2026-Q1,C1 operational in Item 2.05: AI changing how work is done
Atlassian,0001650372-26-000021,2026-03-11,2026-Q1,C2 operational in Item 2.05: cutting to reinvest in AI
Coinbase Global,0001679788-26-000049,2026-05-05,2026-Q2,C1 operational in Item 2.05: AI changing how work is done
Angi,0001705110-26-000005,2026-01-07,2026-Q1,C1 operational in Item 2.05: AI changing how work is done
Vertex,0001104659-26-050407,2026-04-28,2026-Q2,C1 operational in Item 2.05: AI changing how work is done
Zscaler,0001713683-26-000156,2026-09-03,2026-Q3,C2 operational in Item 2.05: cutting to reinvest in AI
Sprout Social,0001517375-26-000052,2026-07-15,2026-Q3,C2 operational in Item 2.05: cutting to reinvest in AI
SentinelOne,0001583708-26-000039,2026-05-28,2026-Q2,C2 operational in Item 2.05: cutting to reinvest in AI
Snap,0001193125-26-155861,2026-04-15,2026-Q2,B risk or forward-looking language only
