month,wc_ltu_rate_pct_nsa,wc_ltu_rate_pct_sa,wc_ltu_rate_3mma_sa,wc_index_2019_100,wc_unemployment_rate_pct_nsa,wc_ltu_share_pct_nsa,wc45_ltu_share_pct_nsa,all_ltu_share_pct_nsa,wc_median_weeks_nsa
2015-01,1.037,0.939,0.939,200.8,2.95,35.2,44.4,30.0,13
2015-02,0.842,0.795,0.867,185.4,2.7,31.2,37.8,30.4,13
2015-03,0.788,0.79,0.842,179.9,2.35,33.4,41.0,30.3,15
2015-04,0.807,0.85,0.812,173.6,2.41,33.5,41.4,32.1,14
2015-05,0.748,0.825,0.822,175.7,2.44,30.6,37.4,29.9,12
2015-06,0.651,0.703,0.793,169.5,2.88,22.6,28.8,23.7,8
2015-07,0.698,0.672,0.733,156.8,3.04,22.9,28.4,24.9,8
2015-08,0.786,0.731,0.702,150.1,2.86,27.5,32.5,26.7,11
2015-09,0.723,0.684,0.696,148.8,2.37,30.6,38.0,27.0,12
2015-10,0.639,0.642,0.686,146.6,2.2,29.1,37.4,27.5,12
2015-11,0.615,0.637,0.654,139.9,2.13,28.9,39.1,26.5,12
2015-12,0.585,0.631,0.637,136.2,2.0,29.3,40.0,26.8,12
2016-01,0.722,0.654,0.641,137.0,2.32,31.2,40.9,25.9,12
2016-02,0.81,0.765,0.684,146.1,2.38,34.0,42.5,27.3,12
2016-03,0.808,0.81,0.743,158.9,2.39,33.9,40.4,28.4,12
2016-04,0.677,0.713,0.763,163.1,2.06,32.9,38.9,28.5,15
2016-05,0.611,0.674,0.732,156.6,2.14,28.5,32.5,26.3,12
2016-06,0.556,0.6,0.662,141.6,2.82,19.7,25.4,23.4,6
2016-07,0.666,0.641,0.638,136.5,2.95,22.6,26.1,24.6,8
2016-08,0.638,0.594,0.612,130.8,3.09,20.7,26.9,24.9,9
2016-09,0.709,0.671,0.635,135.8,2.7,26.3,36.7,25.0,11
2016-10,0.664,0.667,0.644,137.7,2.45,27.1,32.1,25.8,12
2016-11,0.618,0.64,0.659,141.0,2.26,27.3,32.4,25.5,13
2016-12,0.67,0.723,0.677,144.7,2.21,30.4,37.6,24.6,15
2017-01,0.745,0.675,0.679,145.2,2.32,32.1,39.9,23.4,14
2017-02,0.614,0.58,0.659,141.0,2.11,29.1,34.1,23.8,12
2017-03,0.584,0.585,0.613,131.1,2.02,29.0,38.4,24.1,12
2017-04,0.583,0.614,0.593,126.8,2.0,29.1,33.8,25.3,12
2017-05,0.55,0.606,0.602,128.7,1.93,28.5,33.7,25.2,13
2017-06,0.551,0.595,0.605,129.4,2.31,23.9,30.4,21.9,8
2017-07,0.606,0.583,0.595,127.2,2.69,22.5,26.6,24.3,8
2017-08,0.625,0.581,0.587,125.4,2.82,22.2,24.9,23.8,10
2017-09,0.627,0.593,0.586,125.3,2.34,26.8,37.3,25.9,12
2017-10,0.556,0.559,0.578,123.5,2.06,27.0,38.1,25.6,12
2017-11,0.587,0.608,0.587,125.4,2.0,29.3,37.5,24.3,12
2017-12,0.5,0.54,0.569,121.6,2.03,24.6,35.8,22.6,11
2018-01,0.514,0.466,0.538,115.0,2.16,23.8,28.0,20.9,10
2018-02,0.507,0.479,0.495,105.8,2.03,25.0,29.8,21.2,10
2018-03,0.453,0.454,0.466,99.7,2.03,22.4,26.1,21.1,10
2018-04,0.432,0.455,0.463,98.9,1.78,24.3,27.6,22.3,13
2018-05,0.426,0.47,0.46,98.3,1.71,24.9,34.7,20.3,10
2018-06,0.442,0.477,0.467,99.9,2.5,17.7,27.9,19.8,6
2018-07,0.524,0.505,0.484,103.4,2.43,21.5,30.1,22.0,8
2018-08,0.489,0.455,0.479,102.4,2.53,19.4,28.5,21.0,9
2018-09,0.584,0.553,0.504,107.8,2.05,28.5,37.3,23.7,11
2018-10,0.553,0.556,0.521,111.4,1.94,28.5,37.0,23.2,12
2018-11,0.445,0.461,0.523,111.8,2.06,21.6,32.2,21.0,8
2018-12,0.503,0.543,0.52,111.1,2.11,23.8,33.0,20.2,9
2019-01,0.462,0.418,0.474,101.4,2.45,18.8,26.7,18.4,8
2019-02,0.467,0.441,0.468,100.0,2.01,23.2,27.1,20.6,12
2019-03,0.471,0.472,0.444,94.9,1.95,24.1,28.9,21.6,11
2019-04,0.431,0.454,0.456,97.5,1.61,26.8,32.6,22.8,13
2019-05,0.414,0.456,0.461,98.5,1.69,24.5,26.1,23.1,8
2019-06,0.537,0.58,0.497,106.2,2.37,22.6,28.4,20.8,7
2019-07,0.487,0.469,0.502,107.3,2.45,19.9,24.0,18.8,7
2019-08,0.505,0.47,0.506,108.2,2.27,22.3,29.5,20.5,9
2019-09,0.53,0.502,0.48,102.6,1.88,28.1,37.1,24.1,11
2019-10,0.426,0.428,0.466,99.7,1.76,24.2,29.9,22.7,9
2019-11,0.482,0.499,0.476,101.8,1.81,26.6,29.7,20.9,11
2019-12,0.392,0.423,0.45,96.2,1.75,22.3,25.2,19.9,9
2020-01,0.426,0.386,0.436,93.2,2.16,19.7,23.4,18.7,8
2020-02,0.333,0.315,0.375,80.1,1.79,18.6,20.3,18.9,8
2020-03,0.404,0.405,0.368,78.8,2.44,16.5,21.4,16.8,6
2020-04,0.403,0.425,0.381,81.5,7.65,5.3,6.7,4.1,4
2020-05,0.462,0.509,0.446,95.4,6.65,7.0,9.7,5.5,8
2020-06,0.447,0.483,0.472,101.0,6.46,6.9,8.8,7.1,12
2020-07,0.553,0.532,0.508,108.6,6.57,8.4,8.8,9.3,13
2020-08,0.586,0.545,0.52,111.2,5.51,10.6,14.5,11.9,16
2020-09,0.902,0.854,0.644,137.6,4.46,20.2,24.9,19.8,21
2020-10,1.254,1.26,0.886,189.5,3.71,33.8,38.0,33.4,22
2020-11,1.604,1.661,1.258,269.0,3.67,43.7,48.5,37.7,26
2020-12,1.517,1.637,1.52,324.9,3.37,44.9,50.4,37.3,22
2021-01,1.534,1.389,1.563,334.1,3.67,41.8,50.0,37.6,20
2021-02,1.588,1.5,1.509,322.6,3.25,48.9,51.4,40.2,26
2021-03,1.605,1.609,1.5,320.6,3.08,52.1,55.3,43.1,30
2021-04,1.539,1.622,1.577,337.1,3.03,50.8,58.8,44.4,27
2021-05,1.352,1.49,1.574,336.5,2.83,47.7,54.0,41.8,26
2021-06,1.49,1.609,1.574,336.4,3.45,43.1,51.7,39.5,22
2021-07,1.274,1.227,1.442,308.3,3.32,38.4,46.7,38.0,13
2021-08,1.268,1.18,1.338,286.1,3.2,39.6,50.3,37.3,14
2021-09,1.011,0.957,1.121,239.7,2.37,42.7,48.3,36.7,17
2021-10,0.827,0.831,0.989,211.5,2.17,38.2,42.5,33.8,16
2021-11,0.69,0.715,0.834,178.3,1.94,35.6,42.7,33.8,12
2021-12,0.617,0.666,0.737,157.6,1.69,36.4,42.1,31.8,15
2022-01,0.639,0.579,0.653,139.6,2.32,27.5,38.8,23.7,8
2022-02,0.687,0.649,0.631,135.0,2.15,31.9,41.7,25.9,11
2022-03,0.472,0.473,0.567,121.2,1.53,30.9,35.6,24.1,12
2022-04,0.366,0.386,0.503,107.5,1.6,22.9,28.7,25.8,9
2022-05,0.424,0.467,0.442,94.5,1.6,26.5,33.9,23.1,12
2022-06,0.417,0.45,0.434,92.9,2.21,18.9,20.3,20.2,6
2022-07,0.386,0.372,0.43,91.9,2.38,16.2,17.5,18.2,7
2022-08,0.436,0.406,0.409,87.5,2.36,18.5,22.6,19.8,8
2022-09,0.401,0.379,0.386,82.4,1.84,21.8,30.6,20.3,10
2022-10,0.395,0.397,0.394,84.2,1.98,19.9,26.8,20.9,8
2022-11,0.411,0.426,0.401,85.7,1.76,23.3,30.7,21.5,10
2022-12,0.325,0.351,0.391,83.6,1.71,19.1,18.3,18.4,7
2023-01,0.422,0.382,0.386,82.6,2.07,20.4,21.9,17.7,9
2023-02,0.335,0.316,0.35,74.8,1.98,17.0,21.6,17.5,8
2023-03,0.357,0.358,0.352,75.3,1.9,18.8,25.6,19.4,10
2023-04,0.365,0.385,0.353,75.5,1.62,22.5,29.6,21.3,11
2023-05,0.371,0.409,0.384,82.1,1.79,20.8,29.1,19.7,11
2023-06,0.303,0.327,0.374,79.9,2.24,13.6,18.5,16.4,6
2023-07,0.442,0.426,0.387,82.8,2.38,18.5,22.6,19.2,8
2023-08,0.489,0.455,0.403,86.1,2.41,20.3,23.8,20.7,9
2023-09,0.401,0.379,0.42,89.8,2.04,19.6,24.8,20.3,11
2023-10,0.462,0.464,0.433,92.5,1.94,23.8,27.3,21.2,10
2023-11,0.361,0.374,0.406,86.8,1.79,20.2,24.3,19.2,10
2023-12,0.386,0.417,0.418,89.4,1.82,21.2,28.4,20.0,11
2024-01,0.458,0.415,0.402,85.9,2.12,21.6,32.4,19.5,9
2024-02,0.436,0.412,0.414,88.6,2.21,19.8,26.0,18.5,8
2024-03,0.453,0.454,0.427,91.3,2.19,20.7,24.4,20.6,10
2024-04,0.456,0.48,0.449,96.0,1.95,23.4,25.2,21.4,12
2024-05,0.443,0.488,0.474,101.4,1.96,22.6,27.5,21.3,11
2024-06,0.588,0.635,0.535,114.3,2.59,22.7,28.0,20.1,8
2024-07,0.622,0.599,0.574,122.7,2.9,21.5,27.4,20.3,8
2024-08,0.6,0.558,0.597,127.7,2.86,21.0,21.5,21.0,10
2024-09,0.558,0.528,0.562,120.1,2.26,24.8,31.0,24.5,12
2024-10,0.566,0.569,0.552,117.9,2.29,24.7,29.4,23.6,12
2024-11,0.566,0.586,0.561,119.9,2.19,25.9,34.2,23.9,12
2024-12,0.539,0.582,0.579,123.8,2.05,26.3,32.1,22.7,11
2025-01,0.471,0.427,0.532,113.6,2.19,21.5,23.7,20.0,10
2025-02,0.532,0.503,0.504,107.7,2.35,22.6,27.4,20.3,12
2025-03,0.574,0.575,0.502,107.2,2.31,24.9,30.8,22.3,10
2025-04,0.617,0.65,0.576,123.2,2.16,28.5,35.1,25.7,13
2025-05,0.489,0.539,0.588,125.8,2.36,20.7,25.0,21.1,10
2025-06,0.488,0.527,0.572,122.3,2.76,17.7,25.1,21.3,8
2025-07,0.654,0.63,0.565,120.8,3.0,21.8,26.0,23.5,8
2025-08,0.69,0.642,0.599,128.2,2.71,25.5,26.4,25.1,10
2025-09,0.66,0.625,0.632,135.1,2.49,26.5,30.1,24.7,12
2025-11,0.646,0.669,0.645,137.9,2.51,25.8,30.4,25.0,12
2025-12,0.654,0.706,0.667,142.5,2.39,27.4,28.4,26.4,11
2026-01,0.766,0.694,0.69,147.4,2.73,28.1,36.2,23.2,12
2026-02,0.75,0.709,0.703,150.2,2.66,28.1,32.2,24.4,12
2026-03,0.771,0.773,0.725,155.0,2.47,31.2,36.0,26.0,13
2026-04,0.681,0.718,0.733,156.7,2.22,30.6,36.7,27.3,13
2026-05,0.724,0.798,0.763,163.1,2.48,29.1,38.3,28.6,12
2026-06,0.802,0.866,0.794,169.7,2.83,28.4,34.8,24.9,12
2026-07,0.686,0.661,0.775,165.7,2.94,23.3,29.0,24.2,9
2026-08,0.797,0.741,0.756,161.6,2.93,27.2,36.7,26.4,12
